Title,Author,Rating
Happy Place,Emily Henry,"4.23 avg rating — 223,039 ratings"
"The Stolen Heir (The Stolen Heir Duology, #1)",Holly Black,"4.07 avg rating — 50,177 ratings"
"Hell Bent (Alex Stern, #2)",Leigh Bardugo,"4.20 avg rating — 62,383 ratings"
Tress of the Emerald Sea,Brandon Sanderson,"4.55 avg rating — 41,337 ratings"
All the Dangerous Things,Stacy Willingham,"4.13 avg rating — 83,566 ratings"
Yellowface,R.F. Kuang,"4.16 avg rating — 27,518 ratings"
Heir of Broken Fate,Mads Rafferty,3.99 avg rating — 575 ratings
"A Curse for True Love (Once Upon a Broken Heart, #3)",Stephanie Garber,4.82 avg rating — 747 ratings
Spare,Prince Harry,"3.94 avg rating — 231,683 ratings"
How to Sell a Haunted House,Grady Hendrix,"3.80 avg rating — 44,524 ratings"
Hello Beautiful,Ann Napolitano,"4.26 avg rating — 60,192 ratings"
"A Day of Fallen Night (The Roots of Chaos, #0)",Samantha    Shannon,"4.49 avg rating — 10,633 ratings"
"Emily Wilde's Encyclopaedia of Faeries (Emily Wilde, #1)",Heather Fawcett,"4.12 avg rating — 22,171 ratings"
"The Bitter Past (Porter Beck, #1)",Bruce Borgos,4.32 avg rating — 153 ratings
Clytemnestra,Costanza Casati,"4.33 avg rating — 3,862 ratings"
"Fourth Wing (The Empyrean, #1)",Rebecca Yarros,"4.69 avg rating — 109,745 ratings"
"The Adventures of Amina al-Sirafi (Amina al-Sirafi, #1)",Shannon Chakraborty,"4.35 avg rating — 13,080 ratings"
In the Lives of Puppets,T.J. Klune,"4.09 avg rating — 16,305 ratings"
Maame,Jessica George,"4.11 avg rating — 35,984 ratings"
"Final Offer (Dreamland Billionaires, #3)",Lauren Asher,"4.31 avg rating — 106,600 ratings"
"Love, Theoretically",Ali Hazelwood,"4.29 avg rating — 16,493 ratings"
Devious Obsession,S. Massery,"4.14 avg rating — 3,631 ratings"
Vera Wong's Unsolicited Advice for Murderers,Jesse Q. Sutanto,"4.10 avg rating — 19,454 ratings"
"Yours Truly (Part of Your World, #2)",Abby Jimenez,"4.41 avg rating — 58,939 ratings"
"A Soul of Ash and Blood (Blood and Ash, #5)",Jennifer L. Armentrout,4.33 avg rating — 460 ratings
The House Is on Fire,Rachel Beanland,"4.16 avg rating — 4,923 ratings"
"Chain of Thorns (The Last Hours, #3)",Cassandra Clare,"4.06 avg rating — 29,225 ratings"
"Mysteries of Thorn Manor (Sorcery of Thorns, #1.5)",Margaret  Rogerson,"4.17 avg rating — 11,303 ratings"
Stone Cold Fox,Rachel Koller Croft,"3.71 avg rating — 10,528 ratings"
Bone Island: Book of Danvers (Tales of Weeping Hollow 2),Nicole Fiorina,4.50 avg rating — 723 ratings
"The Last Chance Cowboy (Colorado Cowboys, #5)",Jody Hedlund,4.46 avg rating — 663 ratings
The Writing Retreat,Julia Bartz,"3.46 avg rating — 33,133 ratings"
The Collected Regrets of Clover,Mikki Brammer,"4.23 avg rating — 9,154 ratings"
The Ferryman,Justin Cronin,"4.04 avg rating — 7,286 ratings"
"Powerless  (Chestnut Springs, #3)",Elsie Silver,"4.21 avg rating — 39,604 ratings"
"King of Pride (Kings of Sin, #2)",Ana Huang,"4.03 avg rating — 40,996 ratings"
The House of Eve,Sadeqa Johnson,"4.30 avg rating — 27,027 ratings"
"Collateral Damage (Ali Reynolds, #17)",J.A. Jance,"4.35 avg rating — 2,558 ratings"
Miss Newbury's List (Proper Romance) | A Historical Regency Romance Book,Megan Walker,"4.21 avg rating — 1,619 ratings"
Someone Else's Shoes,Jojo Moyes,"4.01 avg rating — 78,183 ratings"
Atalanta,Jennifer Saint,"3.94 avg rating — 3,542 ratings"
The Wind Knows My Name,Isabel Allende,"4.15 avg rating — 1,529 ratings"
Fall of Ruin and Wrath,Jennifer L. Armentrout,4.18 avg rating — 72 ratings
"The Ashes and the Star-Cursed King (Crowns of Nyaxia, #2)",Carissa Broadbent,"4.30 avg rating — 41,212 ratings"
The Survivalists,Kashana Cauley,"3.06 avg rating — 2,166 ratings"
"Lost in the Moment and Found (Wayward Children, #8)",Seanan McGuire,"4.35 avg rating — 8,294 ratings"
Orphia and Eurydicius,Elyse John,4.16 avg rating — 62 ratings
Throne of the Fallen,Kerri Maniscalco,4.73 avg rating — 41 ratings
"The Crown of Oaths and Curses (The Mortal Fates, #1)",J.  Bree,"4.43 avg rating — 2,388 ratings"
Murder Your Employer: The McMasters Guide to Homicide,Rupert Holmes,"3.95 avg rating — 6,964 ratings"
The Attic at Wilton Place,C.E. Rose,3.80 avg rating — 150 ratings
"Magic Claims (Kate Daniels: Wilmington Years, #2; Kate Daniels, #10.6)",Ilona Andrews,"4.82 avg rating — 4,012 ratings"
Lone Women,Victor LaValle,"3.77 avg rating — 9,904 ratings"
"These Infinite Threads (This Woven Kingdom, #2)",Tahereh Mafi,"4.19 avg rating — 9,869 ratings"
Hang the Moon,Jeannette Walls,"3.89 avg rating — 20,144 ratings"
"Magic Tides (Kate Daniels: Wilmington Years, #1; Kate Daniels, #10.5)",Ilona Andrews,"4.60 avg rating — 10,090 ratings"
The Drift,C.J. Tudor,"3.75 avg rating — 6,799 ratings"
Go as a River,Shelley Read,"4.36 avg rating — 10,714 ratings"
The Wonder Paradox: Embracing the Weirdness of Existence and the Poetry of Our Lives,Jennifer Michael Hecht,4.13 avg rating — 55 ratings
"Critical Threat (Extreme Measures, #3)",Lynette Eason,"4.49 avg rating — 1,507 ratings"
"Really Good, Actually",Monica Heisey,"3.19 avg rating — 28,398 ratings"
"Painted Devils (Little Thieves, #2)",Margaret  Owen,"4.45 avg rating — 1,002 ratings"
The Last Tale of the Flower Bride,Roshani Chokshi,"3.72 avg rating — 10,278 ratings"
The Rose and the Thistle,Laura Frantz,"4.32 avg rating — 1,159 ratings"
"Immortal Longings (Flesh and False Gods, #1)",Chloe Gong,4.14 avg rating — 542 ratings
"Return to Satterthwaite Court (Somerset Stories, #3)",Mimi Matthews,4.26 avg rating — 900 ratings
Open Throat,Henry Hoke,4.21 avg rating — 466 ratings
Pomegranate,Helen Elaine Lee,4.01 avg rating — 352 ratings
Horses of Fire,A.D. Rhine,4.57 avg rating — 21 ratings
I Keep My Exoskeletons to Myself,Marisa Crane,"4.14 avg rating — 1,733 ratings"
"A Kingdom of Venom and Vows (Stars and Shadows, #3)",Holly Renee,"3.59 avg rating — 7,404 ratings"
"The Blue Bar (Blue Mumbai, #1)",Damyanti Biswas,"3.74 avg rating — 3,087 ratings"
"The Serial Killer’s Sister (The Serial Killer's Family, #3)",Alice  Hunter,4.05 avg rating — 368 ratings
"Heartstopper: Volume Five (Heartstopper, #5)",Alice Oseman,"4.61 avg rating — 4,842 ratings"
The Villa,Rachel Hawkins,"3.67 avg rating — 45,457 ratings"
"Storm Watch (Joe Pickett, #23)",C.J. Box,"4.27 avg rating — 12,762 ratings"
What Lies in the Woods,Kate Alice Marshall,"4.01 avg rating — 51,396 ratings"
"Free Me (WITSEC, #4)",Ashley N. Rostek,4.07 avg rating — 29 ratings
Encore in Death (In Death #56),J.D. Robb,"4.45 avg rating — 15,243 ratings"
"Georgie, All Along",Kate Clayborn,"3.86 avg rating — 29,533 ratings"
"The Right Move (Windy City, #2)",Liz Tomforde,"4.49 avg rating — 74,482 ratings"
"The Last Remains (Ruth Galloway, #15)",Elly Griffiths,"4.52 avg rating — 8,131 ratings"
You Must Remember This,Kat Rosenfield,"3.47 avg rating — 1,977 ratings"
The Golden Spoon,Jessa Maxwell,"3.56 avg rating — 13,025 ratings"
Hags: The Demonisation of Middle-Aged Women,Victoria Dutchman-Smith,4.01 avg rating — 202 ratings
"Lace Vengeance (Snow White, #3)",Eve Dangerfield,4.24 avg rating — 190 ratings
"That Time I Got Drunk and Saved a Human (Mead Mishaps, #3)",Kimberly Lemming,"4.35 avg rating — 1,313 ratings"
I Have Some Questions for You,Rebecca Makkai,"3.71 avg rating — 42,249 ratings"
The Midnight News,Jo Baker,3.81 avg rating — 302 ratings
Murder Book,Thomas Perry,"3.94 avg rating — 2,144 ratings"
Something is Killing the Children #28,James Tynion IV,4.35 avg rating — 167 ratings
"A Realm of Ash and Shadow (A Realm of Ash and Shadow, #1)",Lara Buckheit,3.71 avg rating — 265 ratings
"God of Ruin (Legacy of Gods, #4)",Rina Kent,4.05 avg rating — 165 ratings
Beauty So Golden,Lilith Vincent,3.88 avg rating — 516 ratings
"Princes of Chaos (Royals of Forsyth University, #7)",Angel Lawson,"4.52 avg rating — 1,535 ratings"
"Defiant (Skyward, #4)",Brandon Sanderson,4.43 avg rating — 221 ratings
"Seven Faceless Saints (Seven Faceless Saints, #1)",M.K. Lobb,"3.57 avg rating — 2,439 ratings"
"Sword Catcher (Sword Catcher, #1)",Cassandra Clare,4.17 avg rating — 158 ratings
The Things We Do To Our Friends,Heather Darwent,"3.25 avg rating — 3,051 ratings"
Cookies For My Orc Neighbor,Michele Mills,"3.74 avg rating — 2,873 ratings"
Hijab Butch Blues,Lamya H.,"4.50 avg rating — 2,394 ratings"
"Counterfeit Hope (Hidden Hearts of the Gilded Age, #2)",Crystal Caudill,4.69 avg rating — 81 ratings
"If Only You (Bergman Brothers, #6)",Chloe Liese,"4.13 avg rating — 8,346 ratings"
"Superbia (Shades of Sin, #2)",Colette Rhodes,"4.21 avg rating — 1,504 ratings"
"Silk Malice (Snow White, #2)",Eve Dangerfield,4.09 avg rating — 357 ratings
Thorne Princess,L.J. Shen,"3.97 avg rating — 11,898 ratings"
"Twisted (Never After, #4)",Emily McIntire,"3.97 avg rating — 20,360 ratings"
"Spice Road (Spice Road Trilogy, #1)",Maiya Ibrahim,"3.76 avg rating — 2,682 ratings"
"Wilder at Last (Wilder Adventures, #5)",Serena Bell,4.07 avg rating — 468 ratings
"The Backup Plan (Sunrise Cove, #3)",Jill Shalvis,"4.12 avg rating — 3,585 ratings"
"Legacy (Empire, #2)",Sheridan Anne,4.55 avg rating — 767 ratings
"Forgery (Valenshek Legacy, #2)",Tate James,4.35 avg rating — 865 ratings
Phaedra,Laura Shepperson,"3.32 avg rating — 1,645 ratings"
"The Forbidden Wolf King (Kings of Avalier, #4)",Leia Stone,4.38 avg rating — 13 ratings
"House of Odysseus (The Songs of Penelope, #2)",Claire North,4.22 avg rating — 18 ratings
All That Is Mine I Carry with Me,William Landay,"3.90 avg rating — 7,509 ratings"
On the Savage Side,Tiffany   McDaniel,"4.08 avg rating — 2,710 ratings"
"A Killing of Innocents (Duncan Kincaid & Gemma James, #19)",Deborah Crombie,"4.29 avg rating — 3,575 ratings"
The Mitford Affair,Marie Benedict,"3.73 avg rating — 7,474 ratings"
"Liar, Dreamer, Thief",Maria Dong,"3.63 avg rating — 1,506 ratings"
This Bird Has Flown,Susanna  Hoffs,"3.30 avg rating — 2,271 ratings"
The Sweet Spot,Amy Poeppel,"3.97 avg rating — 6,413 ratings"
The Home for Wayward Girls,Marcia  Bradley,3.60 avg rating — 355 ratings
"Sleep No More (Lost Night Files, #1)",Jayne Ann Krentz,"3.99 avg rating — 4,124 ratings"
"Secretly Yours (A Vine Mess, #1)",Tessa Bailey,"3.36 avg rating — 49,417 ratings"
"The Arcadian Incident (Mars Alone, #1)",Andrew Stickland,4.71 avg rating — 7 ratings
"Highest Bidder (Salacious Players Club, #5)",Sara Cate,"4.10 avg rating — 19,983 ratings"
"Coercion (Controlling Interest, #3)",Amelia Wilde,4.37 avg rating — 606 ratings
Romantic Comedy,Curtis Sittenfeld,"3.75 avg rating — 56,157 ratings"
Highly Suspicious and Unfairly Cute,Talia Hibbert,"3.82 avg rating — 16,332 ratings"
"Taken (Detective Kate Miles, #2)",Dinuka McKenzie,4.05 avg rating — 483 ratings
"Rook (Romancing His Stone, #2)",Jillian Graves,it was amazing 5.00 avg rating — 1 rating
West Side Honey,Claire Christian,3.93 avg rating — 224 ratings
Big Swiss,Jen Beagin,"3.70 avg rating — 13,138 ratings"
On the Meaning of Sex: Thoughts about the New Definition of Woman,Kajsa Ekis Ekman,4.11 avg rating — 9 ratings
"Waco Rising: David Koresh, the FBI, and the Birth of America's Modern Militias",Kevin Cook,3.89 avg rating — 654 ratings
"The Temple of Fortuna (Wolf Den Trilogy, #3)",Elodie Harper,4.60 avg rating — 10 ratings
"To Swoon and to Spar (The Regency Vows, #4)",Martha Waters,"3.71 avg rating — 2,104 ratings"
"The Temporary Wife (The Windsors, #2)",Catharina Maura,"4.09 avg rating — 21,213 ratings"
Biography of X,Catherine Lacey,"4.01 avg rating — 1,704 ratings"
The Shadow of Perseus,Claire Heywood,"3.76 avg rating — 1,477 ratings"
"The Wager: A Tale of Shipwreck, Mutiny and Murder",David Grann,"4.28 avg rating — 11,279 ratings"
"Blood of My Monster (Monster Trilogy, #1)",Rina Kent,"4.26 avg rating — 12,358 ratings"
"The Stars are Dying (Nytefall, #1)",C.C. Peñaranda,4.67 avg rating — 9 ratings
The Bee Sting,Paul Murray,4.10 avg rating — 48 ratings
The Brightest Star,Gail Tsukiyama,3.77 avg rating — 61 ratings
"How Not to Date a Demon (Cautionary Tails, #1)",Lana Kole,3.67 avg rating — 916 ratings
The Mysterious Case of the Alperton Angels,Janice Hallett,"4.21 avg rating — 4,048 ratings"
"All in a Days Orc (Return of the Horde, #3)",Dani Wyatt,3.92 avg rating — 262 ratings
"The Cabinet of Dr. Leng (Pendergast, #21)",Douglas Preston,"4.32 avg rating — 8,996 ratings"
The Deluge,Stephen Markley,"4.18 avg rating — 1,519 ratings"
Ordinary Notes,Christina Sharpe,4.70 avg rating — 142 ratings
Our Ride To Forever,Julie Olivia,"4.20 avg rating — 1,677 ratings"
"A Kiss From a Kraken (Kiss From a Monster, #2)",Charlotte Swan,3.66 avg rating — 334 ratings
"Unnatural History (Alex Delaware, #38)",Jonathan Kellerman,"4.13 avg rating — 8,514 ratings"
Little Monsters #10,Jeff Lemire,4.27 avg rating — 52 ratings
"Burn Butterfly Burn (Masked Duet, #2)",Reese Rivers,"4.26 avg rating — 6,958 ratings"
"Mastering the Art of French Murder (An American in Paris, #1)",Colleen Cambridge,"3.70 avg rating — 2,022 ratings"
Zero Days,Ruth Ware,3.70 avg rating — 905 ratings
"Reign (American Royals, #4)",Katharine McGee,4.12 avg rating — 165 ratings
"Crossed (Never After, #5)",Emily McIntire,4.45 avg rating — 53 ratings
Birnam Wood,Eleanor Catton,"3.89 avg rating — 8,314 ratings"
"Grim and Bear It (Stay a Spell, #6)",Juliette Cross,"4.28 avg rating — 2,661 ratings"
Psyche and Eros,Luna McNamara,3.75 avg rating — 574 ratings
Sing Her Down,Ivy Pochoda,3.57 avg rating — 371 ratings
Her Father's Daughter,T.M. Dunn,3.89 avg rating — 76 ratings
Fire Rush,Jacqueline  Crooks,3.80 avg rating — 858 ratings
Beware the Woman,Megan Abbott,"3.47 avg rating — 1,502 ratings"
"The Choice (Star-Crossed Lovers Duet, #1)",Ashley Jade,"4.44 avg rating — 5,212 ratings"
"Queen of Lust (Becoming Lust, #3)",Emilia  Rose,4.71 avg rating — 17 ratings
Hearts Forged in Dragon Fire,Erica Hollis,4.02 avg rating — 44 ratings
A Shadow in Moscow,Katherine Reay,4.50 avg rating — 206 ratings
The Captain's Curse,Lisa Kessler,4.53 avg rating — 73 ratings
A Study in Drowning,Ava Reid,4.36 avg rating — 293 ratings
Small World,Laura Zigman,"3.52 avg rating — 2,825 ratings"
"Better Hate than Never (The Wilmot Sisters, #2)",Chloe Liese,4.32 avg rating — 114 ratings
The Half Moon,Mary Beth Keane,"3.45 avg rating — 6,900 ratings"
"Ivy Touched and Bronze Blade (World of Honey and Ice, #2)",Shannon Mayer,4.55 avg rating — 711 ratings
Unfair Play: The Battle For Women's Sport,Sharron Davies,liked it 3.00 avg rating — 2 ratings
"Cold Light of Day (Missing in Alaska, #1)",Elizabeth Goddard,4.37 avg rating — 635 ratings
"Something Old, Something New",Amy Clipston,3.94 avg rating — 722 ratings
Rubi Ramos's Recipe for Success,Jessica Parra,3.95 avg rating — 350 ratings
Call and Response,Gothataone Moeng,3.59 avg rating — 134 ratings
Gone to the Wolves,John Wray,3.80 avg rating — 166 ratings
"Right Man, Right Time (The Vancouver Agitators, #3)",Meghan Quinn,"4.16 avg rating — 39,561 ratings"
"Court of Greed and Gold (The Shadow Bound Queen, #2)",Eliza Raine,"4.20 avg rating — 3,931 ratings"
The Wishing Game,Meg Shaffer,"4.35 avg rating — 4,746 ratings"
"The Loner's Prize (Happily Ever After Mountain, #1)",Cassi Hart,3.80 avg rating — 218 ratings
Hex You,P.C. Cast,3.96 avg rating — 491 ratings
"Once Upon an Orc (Return of the Horde, #4)",Dani Wyatt,4.08 avg rating — 143 ratings
I'm Not Charlotte Lucas,Kasey Stockton,"3.97 avg rating — 1,027 ratings"
"The King's Shadow (Gates of Myth and Power, #2)",K.M. Shea,"4.36 avg rating — 6,392 ratings"
"Under Fire (Defend and Protect, #3)",Lynn H. Blackburn,4.52 avg rating — 591 ratings
Time to Think: The Inside Story of the Collapse of the Tavistock's Gender Service for Children,Hannah Barnes,4.64 avg rating — 459 ratings
Unexpected: The Backstory of Finding Elizabeth Smart and Growing Up in the Culture of an American Religion,Chris Thomas,3.98 avg rating — 164 ratings
Rouge,Mona Awad,4.24 avg rating — 192 ratings
Just as You Are,Camille Kellogg,"3.91 avg rating — 1,027 ratings"
The Delicate Art of Death,Ryan McGinnis,4.44 avg rating — 16 ratings
Transcendent: Art and Dharma in a Time of Collapse,Curtis White,3.11 avg rating — 9 ratings
An American Story,Kwame Alexander,4.66 avg rating — 723 ratings
Chick Magnet,Emma Barry,"3.92 avg rating — 1,039 ratings"
Sink: A Memoir,Joseph Earl Thomas,3.72 avg rating — 745 ratings
"Culture: The Story of Us, From Cave Art to K-Pop",Martin Puchner,3.91 avg rating — 174 ratings
Conquest,Nina Allan,4.27 avg rating — 30 ratings
Make You Wish You Were Dead,Jaclin Marie,3.55 avg rating — 360 ratings
"The Longest Race: Inside the Secret World of Abuse, Doping, and Deception on Nike's Elite Running Team",Kara Goucher,"4.53 avg rating — 4,424 ratings"
Thin Air,Kellie M. Parker,4.16 avg rating — 38 ratings
Bridge,Lauren Beukes,3.93 avg rating — 30 ratings
"Son of the Poison Rose (Kagen the Damned, #2)",Jonathan Maberry,4.35 avg rating — 517 ratings
Shy,Max Porter,"3.84 avg rating — 2,007 ratings"
The Nanny,Lana Ferguson,"3.66 avg rating — 13,257 ratings"
Cuddy,Benjamin Myers,4.40 avg rating — 257 ratings
The Shards,Bret Easton Ellis,"3.97 avg rating — 7,186 ratings"
Drinking from Graveyard Wells: Stories,Yvette Lisa Ndlovu,4.43 avg rating — 69 ratings
"The Diary Keepers: World War II in the Netherlands, as Written by the People Who Lived Through It",Nina Siegal,4.39 avg rating — 192 ratings
Sherlock Holmes: A Question of Time,Glenn Searfoss,it was amazing 5.00 avg rating — 3 ratings
"The Will of the Many (Hierarchy, #1)",James  Islington,"4.72 avg rating — 1,015 ratings"
A House With Good Bones,T. Kingfisher,"3.81 avg rating — 9,433 ratings"
The Best Summer of Our Lives,Rachel Hauck,4.12 avg rating — 80 ratings
Troping Through the Snow (Troping Series 1 - 6),Alexa Riley,3.79 avg rating — 121 ratings
Teen Titans: Robin,Kami Garcia,"4.12 avg rating — 2,221 ratings"
Victory City,Salman Rushdie,"3.89 avg rating — 5,113 ratings"
Bitter Medicine,Mia Tsai,3.75 avg rating — 863 ratings
The Witches of Bone Hill,Ava Morgyn,4.06 avg rating — 82 ratings
"The Love Wager (Mr. Wrong Number, #2)",Lynn Painter,"3.97 avg rating — 19,818 ratings"
Strangers in the Night,Heather  Webb,3.92 avg rating — 643 ratings
"The Perfumist of Paris (The Jaipur Trilogy, #3)",Alka Joshi,"4.22 avg rating — 9,113 ratings"
Africatown: America's Last Slave Ship and the Community It Created,Nick Tabor,4.16 avg rating — 144 ratings
"Murder at the Willows (Rina Martin, #8)",Jane A. Adams,4.46 avg rating — 704 ratings
Reef Road,Deborah Goodrich Royce,"3.62 avg rating — 1,187 ratings"
The Last Language,Jennifer duBois,4.33 avg rating — 9 ratings
"We Will Reign (Wicked Boys of BCU, #1)",Rachel  Leigh,"3.91 avg rating — 1,417 ratings"
Manifest (Muse #2),Brittany Cavallaro,3.68 avg rating — 82 ratings
The Wolf Hunt,Ayelet Gundar-Goshen,"4.03 avg rating — 1,215 ratings"
"The Davenports (The Davenports, #1)",Krystal Marquis,"3.70 avg rating — 4,553 ratings"
"The Secret Lives of Country Gentlemen (The Doomsday Books, #1)",K.J. Charles,"4.23 avg rating — 3,750 ratings"
The Minuscule Mansion of Myra Malone,Audrey Burges,"3.86 avg rating — 1,925 ratings"
This Is Where It Ends,Cindy K. Sproles,4.62 avg rating — 47 ratings
Künstlers in Paradise,Cathleen Schine,"3.56 avg rating — 1,385 ratings"
"System Collapse (The Murderbot Diaries, #7)",Martha Wells,4.58 avg rating — 301 ratings
Everything Is Just Beginning,Erin Bartels,4.23 avg rating — 271 ratings
Monkey Prince,Gene Luen Yang,3.81 avg rating — 140 ratings
Good Girls: A Story and Study of Anorexia,Hadley Freeman,4.14 avg rating — 491 ratings
"Batman/Superman: World's Finest, Vol. 1: The Devil Nezha",Mark Waid,4.11 avg rating — 499 ratings
"Between Commitment and Betrayal (Hardy Billionaire Brothers, #1)",Shain Rose,"3.87 avg rating — 10,953 ratings"
In Her Highlander's Bed,Lynsay Sands,"4.12 avg rating — 1,814 ratings"
"Sorry, Bro",Taleen Voskuni,"3.70 avg rating — 2,406 ratings"
Hungry Ghosts,Kevin Jared Hosein,3.97 avg rating — 861 ratings
The Marriage Act,John Marrs,"really liked it 4.00 avg rating — 5,054 ratings"
How I Won a Nobel Prize,Julius Taranto,4.40 avg rating — 10 ratings
"Reckless (Chestnut Springs, #4)",Elsie Silver,"4.54 avg rating — 18,333 ratings"
Saga #61,Brian K. Vaughan,4.39 avg rating — 963 ratings
"Love, Pamela",Pamela Anderson,"3.78 avg rating — 14,406 ratings"
"So Shall You Reap (Commissario Brunetti, #32)",Donna Leon,"4.16 avg rating — 3,717 ratings"
Seven Percent of Ro Devereux,Ellen O'Clover,"4.08 avg rating — 1,026 ratings"
The Bandit Queens,Parini Shroff,"3.94 avg rating — 13,365 ratings"
The Last Heir to Blackwood Library,Hester Fox,"3.43 avg rating — 3,160 ratings"
The Devil's Playground,Craig Russell,4.34 avg rating — 58 ratings
Cosmoknights Book Two,Hannah Templer,4.50 avg rating — 261 ratings
"Loathe to Love You (The STEMinist Novellas, #1-3)",Ali Hazelwood,"3.94 avg rating — 24,570 ratings"
Quantum Supremacy: How the Quantum Computer Revolution Will Change Everything,Michio Kaku,3.86 avg rating — 221 ratings
"Ana María and the Fox (The Luna Sisters, #1)",Liana De la Rosa,"3.46 avg rating — 2,653 ratings"
"So Close (Blacklist, #1)",Sylvia Day,"3.54 avg rating — 1,357 ratings"
Strange and Difficult Times: Notes on a Global Pandemic,Nanjala Nyabola,4.25 avg rating — 12 ratings
"Runaway Love (Cherry Tree Harbor, #1)",Melanie Harlow,"4.24 avg rating — 11,364 ratings"
"The Duke Gets Even (The Fifth Avenue Rebels, #4)",Joanna Shupe,"4.19 avg rating — 2,146 ratings"
Candy for My Orc Boss,Ava  Ross,"3.98 avg rating — 1,753 ratings"
With My Little Eye,Joshilyn Jackson,"3.36 avg rating — 2,533 ratings"
Death of a Bookseller,Alice   Slater,"3.69 avg rating — 2,628 ratings"
"Madame (Salacious Players Club, #6)",Sara Cate,4.50 avg rating — 26 ratings
Cursed Bread,Sophie Mackintosh,"3.36 avg rating — 2,044 ratings"
"Make a Wish (Spark House, #3)",Helena Hunting,"3.77 avg rating — 4,774 ratings"
Good for a Girl: A Woman Running in a Man's World,Lauren Fleshman,"4.54 avg rating — 5,698 ratings"
The Museum of Failures,Thrity Umrigar,4.33 avg rating — 12 ratings
Black and female,Tsitsi Dangarembga,4.17 avg rating — 219 ratings
"Nero (Alliance, #1)",S.J. Tilly,"3.97 avg rating — 6,222 ratings"
Before She Finds Me,Heather  Chavez,4.22 avg rating — 170 ratings
Secret Project #3,Brandon Sanderson,4.44 avg rating — 18 ratings
Begin Again,Emma Lord,"3.82 avg rating — 5,092 ratings"
"The Dark Hours (DCI Harry Grimm, #13)",David J. Gatward,"4.51 avg rating — 2,804 ratings"
In Limbo,Deb JJ Lee,"4.26 avg rating — 1,394 ratings"
Independence,Chitra Banerjee Divakaruni,"4.13 avg rating — 4,992 ratings"
The Reunion,Kayla Olson,"3.54 avg rating — 8,910 ratings"
"Resilient Reign (Royal Reflections, #2)",Aleatha Romig,4.49 avg rating — 456 ratings
Hockey With Benefits,Tijan,"4.12 avg rating — 6,486 ratings"
"Last Violent Call (Secret Shanghai, #3.5)",Chloe Gong,"4.37 avg rating — 4,922 ratings"
"The Cliff's Edge (Bess Crawford, #13)",Charles Todd,"4.15 avg rating — 2,262 ratings"
Looking Glass Sound,Catriona Ward,3.85 avg rating — 971 ratings
"The Bride Wore White (Burning Cove, #7)",Amanda Quick,"4.34 avg rating — 2,020 ratings"
"One Girl in All the World (In Every Generation, #2)",Kendare Blake,4.21 avg rating — 631 ratings
Wandering Souls,Cecile Pin,"4.20 avg rating — 2,774 ratings"
"The Gentleman's Gambit (A League of Extraordinary Women, #4)",Evie Dunmore,4.46 avg rating — 52 ratings
"Fake Athlete (Seeing Double Twin Sister, #1)",Cassi Hart,3.81 avg rating — 200 ratings
The Book Spy,Alan Hlad,"4.15 avg rating — 1,671 ratings"
"The 23rd Midnight (A Women's Murder Club Thriller, 23)",James Patterson,"4.47 avg rating — 11,279 ratings"
How to Think Like a Woman: Four Women Philosophers Who Taught Me How to Love the Life of the Mind,Regan Penaluna,3.99 avg rating — 336 ratings
"The Sweetheart List (Sunrise Cove, #4)",Jill Shalvis,4.41 avg rating — 817 ratings
"The Fragile Threads of Power (Threads of Power, #1)",V.E. Schwab,4.43 avg rating — 212 ratings
"Finlay Donovan Jumps the Gun (Finlay Donovan, #3)",Elle Cosimano,"3.83 avg rating — 29,005 ratings"
"The Queen’s Price (The Black Jewels, #12)",Anne Bishop,"4.44 avg rating — 1,389 ratings"
The Maid's Diary,Loreth Anne White,"4.32 avg rating — 30,054 ratings"
"The Way of the Bear (Leaphorn, Chee & Manuelito #8)",Anne Hillerman,"4.27 avg rating — 2,203 ratings"
Swamp Story,Dave Barry,"really liked it 4.00 avg rating — 1,769 ratings"
House of Slaughter #11,James Tynion IV,3.84 avg rating — 56 ratings
Cupcakes for My Orc Enemy,Honey Phillips,"4.27 avg rating — 1,521 ratings"
"Playing by the Rules (The Players, #2)",Monica  Murphy,"3.91 avg rating — 4,915 ratings"
"Faking It With the Grump (Second Chance Café, #1)",Kate O'Keeffe,3.81 avg rating — 741 ratings
"Backpacking Through Bedlam (InCryptid, #12)",Seanan McGuire,"4.32 avg rating — 1,304 ratings"
Through a Darkening Glass,R.S. Maxwell,"3.92 avg rating — 4,429 ratings"
"Fixit (IQ, #6)",Joe Ide,3.97 avg rating — 533 ratings
Little Monsters #9,Jeff Lemire,3.78 avg rating — 58 ratings
Swan Light,Phoebe Rowe,"4.27 avg rating — 4,602 ratings"
"The Late Mrs. Willoughby (Mr. Darcy & Miss Tilney, #2)",Claudia Gray,4.04 avg rating — 967 ratings
The True Love Experiment,Christina Lauren,"4.29 avg rating — 22,667 ratings"
"House of El, Vol. 3: The Treacherous Hope",Claudia Gray,3.70 avg rating — 71 ratings
Uncle of the Year: And Other Debatable Triumphs,Andrew  Rannells,4.12 avg rating — 330 ratings
The House in the Pines,Ana  Reyes,"3.17 avg rating — 62,818 ratings"
Conquer the Kingdom,Jennifer Estep,4.04 avg rating — 856 ratings
"Dark Angel (Letty Davenport, #2)",John Sandford,"4.31 avg rating — 10,778 ratings"
"Bad, Bad Seymour Brown",Susan Isaacs,really liked it 4.00 avg rating — 431 ratings
"Chasm (The Glacian Trilogy, #2)",Stacey McEwan,4.18 avg rating — 34 ratings
Burnt: A Memoir of Fighting Fire,Clare Frank,4.44 avg rating — 54 ratings
A Ship of Bones & Teeth,Karina Halle,"4.11 avg rating — 2,209 ratings"
"In Charm's Way (The Witches of Thistle Grove, #4)",Lana Harper,4.21 avg rating — 56 ratings
"Escape the Reaper (Maura Quinn, #3)",Ashley N. Rostek,4.43 avg rating — 597 ratings
"Blind Fear (Finn Thrillers, #3)",Brandon Webb,4.77 avg rating — 26 ratings
"Six Scorched Roses (Crowns of Nyaxia, #1.5)",Carissa Broadbent,"4.33 avg rating — 18,856 ratings"
Flags on the Bayou,James Lee Burke,4.21 avg rating — 38 ratings
"A Court This Cruel and Lovely (Kingdom of Lies, #1)",Stacia Stark,"4.34 avg rating — 2,299 ratings"
"Man Candy (On a Manhunt, #2)",Vanessa Vale,4.12 avg rating — 908 ratings
Slaying the Vampire Conqueror,Carissa Broadbent,"4.24 avg rating — 4,689 ratings"
The Forgotten Girls: A Memoir of Friendship and Lost Promise in Rural America,Monica  Potts,4.05 avg rating — 566 ratings
"Rule of the Aurora King (Artefacts of Ouranos, #2)",Nisha J. Tuli,"4.07 avg rating — 6,725 ratings"
"Back in a Spell (The Witches of Thistle Grove, #3)",Lana Harper,"3.80 avg rating — 3,059 ratings"
Biting the Hand: Growing Up Asian in Black and White America,Julia       Lee,4.44 avg rating — 349 ratings
"The Stolen Throne (Dominion, #2)",Abigail Owen,4.18 avg rating — 606 ratings
"A Tournament of Crowns (A Trial of Sorcerers, #3)",Elise Kova,4.31 avg rating — 841 ratings
The Celebrants,Steven  Rowley,"3.88 avg rating — 3,813 ratings"
"The Veil (The Veil, #1)",Ivy Brannon,3.97 avg rating — 101 ratings
The River We Remember,William Kent Krueger,4.52 avg rating — 128 ratings
"When a Moth Loved a Bee (Destini Chronicles, #1)",Pepper Winters,3.96 avg rating — 884 ratings
"An Evil Heart (Kate Burkholder, #15)",Linda Castillo,4.46 avg rating — 241 ratings
"House of Pounding Hearts (The Kingdom of Crows, #2)",Olivia Wildenstein,"4.24 avg rating — 6,829 ratings"
"Chasm (The Glacian Trilogy, #2)",Stacey McEwan,4.18 avg rating — 34 ratings
"The Ruthless Fae King (Kings of Avalier, #3)",Leia Stone,"4.26 avg rating — 2,430 ratings"
The West: A New History in Fourteen Lives,Naoíse Mac Sweeney,3.96 avg rating — 72 ratings
"Bewitched (Bewitched, #1)",Laura Thalassa,"4.03 avg rating — 3,952 ratings"
Hoarded by the Dragon,Lillian Lark,4.50 avg rating — 2 ratings
Lucky Red,Claudia Cravens,4.06 avg rating — 133 ratings
Devil Makes Three,Ben Fountain,4.50 avg rating — 2 ratings
"Golden (The Golden Wolf, #1)",Shannon Mayer,"4.18 avg rating — 4,857 ratings"
"Legacy of Shadows (Supernaturals of Castle Academy, #1)",Tessa Hale,"4.29 avg rating — 2,390 ratings"
Pulling the Chariot of the Sun: A Memoir of a Kidnapping,Shane McCrae,4.33 avg rating — 18 ratings
How to Care for a Human Girl,Ashley Wurzbacher,3.91 avg rating — 45 ratings
"Hunted by Fate (The Alpha Territories, #2)",Shannon Mayer,"4.34 avg rating — 4,435 ratings"
If It Sounds Like a Quack...: A Journey to the Fringes of American Medicine,Matthew Hongoltz-Hetling,4.01 avg rating — 90 ratings
Countries of Origin,Javier Fuentes,3.81 avg rating — 42 ratings
"The Foxglove King (The Nightshade Crown, #1)",Hannah F. Whitten,"3.88 avg rating — 6,945 ratings"
"Captured Fate (Shadowblood Souls, #3)",Eva Chase,"3.92 avg rating — 1,048 ratings"
"Murder Off the Books (By the Book Mysteries, #3)",Tamara Berry,4.12 avg rating — 268 ratings
The Hook,Victoria Helen Stone,3.78 avg rating — 286 ratings
"Fate of the Sun King (Artefacts of Ouranos, #3)",Nisha J. Tuli,4.42 avg rating — 12 ratings
How to Lose at Love (Campus Legends #1),Sara Ney,"4.13 avg rating — 2,498 ratings"
I Am Homeless If This Is Not My Home,Lorrie Moore,3.72 avg rating — 85 ratings
"What Sleeps Within the Cove (Of Flesh & Bone, #4)",Harper L. Woods,really liked it 4.00 avg rating — 36 ratings
Gone Tonight,Sarah Pekkanen,4.13 avg rating — 846 ratings
High Time,Hannah Rothschild,3.90 avg rating — 31 ratings
"Pucking Wild (Jacksonville Rays, #2)",Emily Rath,4.36 avg rating — 99 ratings
Happiness Falls,Angie  Kim,4.20 avg rating — 293 ratings
Lucky Dogs,Helen Schulman,3.63 avg rating — 65 ratings
"Iron Flame (The Empyrean, #2)",Rebecca Yarros,4.80 avg rating — 167 ratings
Loot,Tania James,4.13 avg rating — 90 ratings
"Glitter (The Golden Wolf, #2)",Shannon Mayer,4.86 avg rating — 14 ratings
Moorewood Family Rules,HelenKay Dimon,"3.42 avg rating — 1,039 ratings"
Somebody's Fool,Richard Russo,4.33 avg rating — 58 ratings
"House of Striking Oaths (The Kingdom of Crows, #3)",Olivia Wildenstein,4.23 avg rating — 22 ratings
"Heron Mill Tenebris (The Blackwell Brothers, #2)",K.L. Taylor-Lane,4.36 avg rating — 182 ratings
Wednesday's Child: Stories,Yiyun Li,3.95 avg rating — 22 ratings
"The Endless War (The Bridge Kingdom, #4)",Danielle L. Jensen,4.29 avg rating — 611 ratings
Blackouts: A Novel,Justin Torres,4.64 avg rating — 14 ratings
Nightbane (Lightlark #2),Alex Aster,4.26 avg rating — 215 ratings
Absolution,Alice McDermott,4.67 avg rating — 21 ratings
"A Fire in the Flesh (Flesh and Fire, #3)",Jennifer L. Armentrout,4.62 avg rating — 318 ratings
Every Rising Sun,Jamila Ahmed,4.53 avg rating — 34 ratings
"Two Twisted Crowns (The Shepherd King, #2)",Rachel Gillig,4.43 avg rating — 72 ratings
Jezebel,Megan  Barnard,3.89 avg rating — 44 ratings
The Golden Gate,Amy  Chua,3.86 avg rating — 28 ratings
"Borrow My Heart (Borrow My Heart, #1)",Kasie West,3.83 avg rating — 424 ratings
Hangman,Maya Binyam,3.96 avg rating — 26 ratings
The House of Lincoln,Nancy Horan,3.83 avg rating — 251 ratings
Now You See Us,Balli Kaur Jaswal,"3.74 avg rating — 1,386 ratings"
A Small Sacrifice for an Enormous Happiness: Stories,Jai Chakrabarti,3.72 avg rating — 85 ratings
Lighthouse Burning,Jordan Farmer,2.80 avg rating — 308 ratings
Games and Rituals: Stories,Katherine Heiny,"3.94 avg rating — 1,127 ratings"
Seven Rules for Breaking Hearts,Kristyn J. Miller,3.65 avg rating — 928 ratings
The Breakaway,Jennifer Weiner,3.87 avg rating — 214 ratings
"Dark Corners (Rachel Krall, #2)",Megan Goldin,"4.06 avg rating — 1,026 ratings"
The Immeasurable Depth of You,Maria Ingrande Mora,3.85 avg rating — 267 ratings
"A Witch's Guide to Fake Dating a Demon (Glimmer Falls, #1)",Sarah  Hawley,"3.75 avg rating — 6,135 ratings"
The Making of Yolanda la Bruja,Lorraine Avila,4.41 avg rating — 86 ratings
August Blue,Deborah Levy,3.94 avg rating — 722 ratings
Her Deadly Game,Robert Dugoni,"4.49 avg rating — 11,931 ratings"
"Heart of the Nile (Barker & Llewelyn, #14)",Will Thomas,4.32 avg rating — 642 ratings
A Likely Story,Leigh McMullan Abramson,"3.71 avg rating — 1,931 ratings"
Forgiving Imelda Marcos,Nathan  Go,really liked it 4.00 avg rating — 13 ratings
The Carrefour Curse,Dianne K. Salerni,4.15 avg rating — 162 ratings
Second Star: and other reasons for lingering,Philippe Delerm,3.44 avg rating — 34 ratings
Commitment,Mona Simpson,3.64 avg rating — 678 ratings
Take What You Need,Idra Novey,"3.65 avg rating — 1,261 ratings"
Always the Almost,Edward  Underhill,"4.20 avg rating — 1,413 ratings"
The Wonder State,Sara Flannery Murphy,4.53 avg rating — 43 ratings
Witness: Stories,Jamel Brinkley,3.91 avg rating — 34 ratings
The Vegan,Andrew Lipstein,4.09 avg rating — 22 ratings
The Dissident,Paul Goldberg,4.67 avg rating — 6 ratings
Return to Valetto,Dominic Smith,4.03 avg rating — 629 ratings
The Translations of Seamus Heaney,Seamus Heaney,4.15 avg rating — 13 ratings
Close to Home,Michael Magee,4.18 avg rating — 547 ratings
A Legacy of Bones,Doug Burgess,3.67 avg rating — 39 ratings
A Spell of Good Things,Ayọ̀bámi Adébáyọ̀,"3.90 avg rating — 1,198 ratings"
The Fitful Sleep of Immigrants,Orlando Ortega-Medina,4.18 avg rating — 44 ratings
The Tangle of Awful,K. Webster,3.75 avg rating — 690 ratings
The Nursery,Szilvia Molnar,3.91 avg rating — 581 ratings
Rootless,Krystle Zara Appiah,"3.85 avg rating — 1,958 ratings"
The Weeds,Katy Simpson Smith,3.82 avg rating — 115 ratings
Western Lane,Chetna Maroo,3.60 avg rating — 277 ratings
The Last Carolina Girl,Meagan Church,"4.02 avg rating — 1,299 ratings"
A Dangerous Education,Megan Chance,4.09 avg rating — 916 ratings
You Know Her,Meagan  Jennett,3.35 avg rating — 471 ratings
A Country You Can Leave,Asale Angel-Ajani,3.78 avg rating — 522 ratings
"Empty Theatre: or, The Lives of King Ludwig II of Bavaria and Empress Sisi of Austria (Queen of Hungary), Cousins, in Their Pursuit of Connection and Beauty...",Jac Jemc,3.94 avg rating — 550 ratings
The Last Saxon King,Andrew Varga,4.12 avg rating — 210 ratings
Out of the Ashes,Kara Thomas,"3.91 avg rating — 7,826 ratings"
"Where They Lie (Nora McTavish, #1)",Joe Hart,"3.85 avg rating — 5,011 ratings"
"The Husband Hoax (Accidental Love, #1)",Saxon James,"4.10 avg rating — 3,573 ratings"
Hestia Strikes a Match,Christine Grillo,3.88 avg rating — 309 ratings
His Runaway Valentine,Cassi Hart,4.02 avg rating — 108 ratings
The Insatiable Volt Sisters,Rachel Eve Moulton,3.39 avg rating — 215 ratings
Island City,Laura Adamczyk,3.75 avg rating — 44 ratings
"Edge of Woods Road (Driven by Despair, #1)",Leigh Maynard,4.05 avg rating — 63 ratings
What Happened to Ruthy Ramirez,Claire Jiménez,"3.48 avg rating — 3,907 ratings"
"My So-Called Sex Life (How to Date, #1)",Lauren Blakely,"4.25 avg rating — 1,588 ratings"
The Chinese Groove,Kathryn Ma,"4.05 avg rating — 1,204 ratings"
"Dear Grumpy Boss (The Harder They Fall, #1)",Julia  Wolf,"3.97 avg rating — 5,924 ratings"
If a Poem Could Live and Breathe,Mary Calvi,3.92 avg rating — 353 ratings
Cleat Cute,Meryl Wilsner,4.04 avg rating — 435 ratings
"Swift the Storm, Fierce the Flame",Meg  Long,3.93 avg rating — 252 ratings
"The RSVP (The Virgin Society, #1)",Lauren Blakely,"4.01 avg rating — 2,759 ratings"
The 12th Commandment,Daniel Torday,3.53 avg rating — 103 ratings
You Should Smile More,Anastasia  Ryan,"3.68 avg rating — 1,075 ratings"
Couplets,Maggie Millner,"3.88 avg rating — 1,085 ratings"
When the Farmer Met the City Girl,Jessa Kane,"3.67 avg rating — 2,793 ratings"
The World and All That It Holds,Aleksandar Hemon,3.91 avg rating — 802 ratings
"Savage Grace (Savages of Kingsworth, #3)",L.M.  Harrison,0.00 avg rating — 0 ratings
"Pretend Ring Girl (Seeing Double Twin Sister, #3)",Cassi Hart,4.22 avg rating — 152 ratings
"Demonic Desires (Becoming Lust, #2)",Emilia  Rose,4.68 avg rating — 25 ratings
A Most Agreeable Murder,Julia Seales,3.92 avg rating — 415 ratings
